lcl|SRR2407684|NODE_15_length_146626_cov_24.9459_ID_8206_pilon_(57432..58953)	tet(A)_6_AJ313332	100.00	28	0	0	1	28	1173	1200	4e-07	52.8
lcl|SRR2407684|NODE_15_length_146626_cov_24.9459_ID_8206_pilon_(57432..58953)	tet(A)_5_AJ419171	100.00	28	0	0	1	28	1173	1200	4e-07	52.8
lcl|SRR2407684|NODE_15_length_146626_cov_24.9459_ID_8206_pilon_(57432..58953)	tet(A)_4_AJ517790	100.00	28	0	0	1	28	1173	1200	4e-07	52.8
lcl|SRR2407684|NODE_15_length_146626_cov_24.9459_ID_8206_pilon_(57432..58953)	tet(A)_3_AY196695	100.00	28	0	0	1	28	1173	1200	4e-07	52.8
lcl|SRR2407684|NODE_15_length_146626_cov_24.9459_ID_8206_pilon_(57432..58953)	tet(A)_2_X00006	100.00	28	0	0	1	28	1173	1200	4e-07	52.8
lcl|SRR2407587|NODE_31_length_11121_cov_19.654_ID_4272_pilon_(1..11121)	tet(B)_4_AF326777	100.00	1206	0	0	7326	8531	1206	1	0.0	2228
lcl|SRR2407587|NODE_31_length_11121_cov_19.654_ID_4272_pilon_(1..11121)	tet(B)_3_AP000342	99.92	1206	1	0	7326	8531	1206	1	0.0	2222
lcl|SRR2407587|NODE_31_length_11121_cov_19.654_ID_4272_pilon_(1..11121)	tet(B)_5_AJ277653	99.59	1206	5	0	7326	8531	1206	1	0.0	2200
lcl|SRR2407587|NODE_39_length_2750_cov_19.7139_ID_4288_pilon_(1..2750)	aph(6)-Ic_1_X01702	100.00	801	0	0	1251	2051	1	801	0.0	1480
lcl|SRR2407587|NODE_39_length_2750_cov_19.7139_ID_4288_pilon_(1..2750)	aph(3')-IIa_1_X57709	99.75	795	2	0	17	811	1	795	0.0	1458
lcl|SRR2407600|NODE_31_length_8068_cov_43.899_ID_10361_pilon_(5870..7864)	aadA6_1_AF140629	97.56	41	1	0	8	48	846	806	1e-12	71.3
lcl|SRR2407565|NODE_20_length_24928_cov_17.9735_ID_7574_pilon_(1..2126)	tet(C)_5_NC_003213	100.00	1191	0	0	102	1292	1191	1	0.0	2200
lcl|SRR2407565|NODE_20_length_24928_cov_17.9735_ID_7574_pilon_(1..2126)	tet(C)_9_AY046276	100.00	1160	0	0	133	1292	1160	1	0.0	2143
lcl|SRR2407565|NODE_20_length_24928_cov_17.9735_ID_7574_pilon_(1..2126)	tet(C)_2_NC_003123	98.24	1191	21	0	102	1292	1	1191	0.0	2084
lcl|SRR2407565|NODE_20_length_24928_cov_17.9735_ID_7574_pilon_(8066..14513)	aac(3)-VIa_1_M88012	99.78	899	2	0	1	899	2	900	0.0	1650
lcl|SRR2407565|NODE_20_length_24928_cov_17.9735_ID_7574_pilon_(15302..17591)	sul1_8_JN581942	100.00	502	0	0	1	502	336	837	0.0	928
lcl|SRR2407565|NODE_20_length_24928_cov_17.9735_ID_7574_pilon_(15302..17591)	sul1_31_AM040449	99.80	502	1	0	1	502	339	840	0.0	922
lcl|SRR2407565|NODE_20_length_24928_cov_17.9735_ID_7574_pilon_(15302..17591)	sul1_30_JF262178	99.80	502	1	0	1	502	339	840	0.0	922
lcl|SRR2407565|NODE_20_length_24928_cov_17.9735_ID_7574_pilon_(15302..17591)	sul1_29_AJ746361	99.80	502	1	0	1	502	339	840	0.0	922
lcl|SRR2407565|NODE_20_length_24928_cov_17.9735_ID_7574_pilon_(15302..17591)	sul1_27_GU562437	99.80	502	1	0	1	502	339	840	0.0	922
lcl|SRR2407565|NODE_20_length_24928_cov_17.9735_ID_7574_pilon_(15302..17591)	sul1_24_EU117158	99.80	502	1	0	1	502	339	840	0.0	922
lcl|SRR2407565|NODE_20_length_24928_cov_17.9735_ID_7574_pilon_(15302..17591)	sul1_20_JF262165	99.80	502	1	0	1	502	339	840	0.0	922
lcl|SRR2407565|NODE_20_length_24928_cov_17.9735_ID_7574_pilon_(15302..17591)	sul1_15_EF667294	99.80	502	1	0	1	502	339	840	0.0	922
lcl|SRR2407565|NODE_20_length_24928_cov_17.9735_ID_7574_pilon_(15302..17591)	sul1_14_AJ517791	99.80	502	1	0	1	502	339	840	0.0	922
lcl|SRR2407565|NODE_20_length_24928_cov_17.9735_ID_7574_pilon_(15302..17591)	sul1_9_AY963803	99.80	502	1	0	1	502	351	852	0.0	922
lcl|SRR2407565|NODE_20_length_24928_cov_17.9735_ID_7574_pilon_(15302..17591)	sul1_7_FJ715937	99.80	502	1	0	1	502	339	840	0.0	922
lcl|SRR2407565|NODE_20_length_24928_cov_17.9735_ID_7574_pilon_(15302..17591)	sul1_2_CP002151	99.80	502	1	0	1	502	426	927	0.0	922
lcl|SRR2407565|NODE_20_length_24928_cov_17.9735_ID_7574_pilon_(15302..17591)	sul1_1_AY224185	99.80	502	1	0	1	502	339	840	0.0	922
lcl|SRR2407565|NODE_20_length_24928_cov_17.9735_ID_7574_pilon_(15302..17591)	sul1_33_AJ564903	99.60	502	2	0	1	502	339	840	0.0	917
lcl|SRR2407565|NODE_20_length_24928_cov_17.9735_ID_7574_pilon_(15302..17591)	sul1_32_EF592571	99.60	502	2	0	1	502	339	840	0.0	917
lcl|SRR2407565|NODE_20_length_24928_cov_17.9735_ID_7574_pilon_(15302..17591)	sul1_28_JN790946	99.60	502	2	0	1	502	339	840	0.0	917
lcl|SRR2407565|NODE_20_length_24928_cov_17.9735_ID_7574_pilon_(15302..17591)	sul1_26_AY524415	99.60	502	2	0	1	502	339	840	0.0	917
lcl|SRR2407565|NODE_20_length_24928_cov_17.9735_ID_7574_pilon_(15302..17591)	sul1_25_AY878717	99.60	502	2	0	1	502	339	840	0.0	917
lcl|SRR2407565|NODE_20_length_24928_cov_17.9735_ID_7574_pilon_(15302..17591)	sul1_23_AJ621187	99.60	502	2	0	1	502	339	840	0.0	917
lcl|SRR2407565|NODE_20_length_24928_cov_17.9735_ID_7574_pilon_(15302..17591)	sul1_19_DQ125241	99.60	502	2	0	1	502	339	840	0.0	917
lcl|SRR2407565|NODE_20_length_24928_cov_17.9735_ID_7574_pilon_(15302..17591)	sul1_18_AY260546	99.60	502	2	0	1	502	339	840	0.0	917
lcl|SRR2407565|NODE_20_length_24928_cov_17.9735_ID_7574_pilon_(15302..17591)	sul1_17_AM746675	99.60	502	2	0	1	502	339	840	0.0	917
lcl|SRR2407565|NODE_20_length_24928_cov_17.9735_ID_7574_pilon_(15302..17591)	sul1_10_DQ143913	99.60	502	2	0	1	502	330	831	0.0	917
lcl|SRR2407565|NODE_20_length_24928_cov_17.9735_ID_7574_pilon_(15302..17591)	sul1_5_EU780013	99.60	502	2	0	1	502	366	867	0.0	917
lcl|SRR2407565|NODE_20_length_24928_cov_17.9735_ID_7574_pilon_(15302..17591)	sul1_3_EU855787	99.60	502	2	0	1	502	426	927	0.0	917
lcl|SRR2407565|NODE_20_length_24928_cov_17.9735_ID_7574_pilon_(15302..17591)	sul1_22_AY115475	99.40	502	3	0	1	502	339	840	0.0	911
lcl|SRR2407565|NODE_20_length_24928_cov_17.9735_ID_7574_pilon_(15302..17591)	sul1_21_AJ971344	99.40	502	3	0	1	502	339	840	0.0	911
lcl|SRR2407565|NODE_20_length_24928_cov_17.9735_ID_7574_pilon_(15302..17591)	sul3_6_AB281183	99.20	502	4	0	1	502	351	852	0.0	905
lcl|SRR2407565|NODE_20_length_24928_cov_17.9735_ID_7574_pilon_(15302..17591)	sul3_3_AY047357	99.20	502	4	0	1	502	351	852	0.0	905
lcl|SRR2407565|NODE_20_length_24928_cov_17.9735_ID_7574_pilon_(15302..17591)	sul1_11_DQ914960	99.79	481	1	0	1	481	339	819	0.0	883
lcl|SRR2407549|NODE_13_length_124606_cov_62.1114_ID_3634_pilon_(32591..53785)	blaCMY-2_1_X91840	100.00	1146	0	0	117	1262	1	1146	0.0	2117
lcl|SRR2407549|NODE_13_length_124606_cov_62.1114_ID_3634_pilon_(32591..53785)	blaCMY-94_1_JX514368	99.91	1146	1	0	117	1262	1	1146	0.0	2111
lcl|SRR2407549|NODE_13_length_124606_cov_62.1114_ID_3634_pilon_(32591..53785)	blaCMY-69_1_JX049132	99.91	1146	1	0	117	1262	1	1146	0.0	2111
lcl|SRR2407549|NODE_13_length_124606_cov_62.1114_ID_3634_pilon_(32591..53785)	blaCMY-62_1_JF460796	99.91	1146	1	0	117	1262	1	1146	0.0	2111
lcl|SRR2407549|NODE_13_length_124606_cov_62.1114_ID_3634_pilon_(32591..53785)	blaCMY-60_1_HQ267531	99.91	1146	1	0	117	1262	1	1146	0.0	2111
lcl|SRR2407549|NODE_13_length_124606_cov_62.1114_ID_3634_pilon_(32591..53785)	blaCMY-59_2_AB587082	99.91	1146	1	0	117	1262	1	1146	0.0	2111
lcl|SRR2407549|NODE_13_length_124606_cov_62.1114_ID_3634_pilon_(32591..53785)	blaCMY-58_1_HQ185697	99.91	1146	1	0	117	1262	1	1146	0.0	2111
lcl|SRR2407549|NODE_13_length_124606_cov_62.1114_ID_3634_pilon_(32591..53785)	blaCMY-57_1_HQ285243	99.91	1146	1	0	117	1262	1	1146	0.0	2111
lcl|SRR2407549|NODE_13_length_124606_cov_62.1114_ID_3634_pilon_(32591..53785)	blaCMY-56_1_HQ322613	99.91	1146	1	0	117	1262	1	1146	0.0	2111
lcl|SRR2407549|NODE_13_length_124606_cov_62.1114_ID_3634_pilon_(32591..53785)	blaCMY-43_1_HQ267530	99.91	1146	1	0	117	1262	1	1146	0.0	2111
lcl|SRR2407549|NODE_13_length_124606_cov_62.1114_ID_3634_pilon_(32591..53785)	blaCMY-32_1_EU496815	99.91	1146	1	0	117	1262	1	1146	0.0	2111
lcl|SRR2407549|NODE_13_length_124606_cov_62.1114_ID_3634_pilon_(32591..53785)	blaCMY-31_1_EU331425	99.91	1146	1	0	117	1262	1	1146	0.0	2111
lcl|SRR2407549|NODE_13_length_124606_cov_62.1114_ID_3634_pilon_(32591..53785)	blaCMY-27_1_EU515250	99.91	1146	1	0	117	1262	1	1146	0.0	2111
lcl|SRR2407549|NODE_13_length_124606_cov_62.1114_ID_3634_pilon_(32591..53785)	blaCMY-24_1_EF415650	99.91	1146	1	0	117	1262	1	1146	0.0	2111
lcl|SRR2407549|NODE_13_length_124606_cov_62.1114_ID_3634_pilon_(32591..53785)	blaCMY-23_1_DQ438952	99.91	1146	1	0	117	1262	1	1146	0.0	2111
lcl|SRR2407549|NODE_13_length_124606_cov_62.1114_ID_3634_pilon_(32591..53785)	blaCMY-17_1_AY513266	99.91	1146	1	0	117	1262	1	1146	0.0	2111
lcl|SRR2407549|NODE_13_length_124606_cov_62.1114_ID_3634_pilon_(32591..53785)	blaCMY-7_1_AY324388	99.91	1146	1	0	117	1262	1	1146	0.0	2111
lcl|SRR2407549|NODE_13_length_124606_cov_62.1114_ID_3634_pilon_(32591..53785)	blaCMY-6_1_AJ011293	99.91	1146	1	0	117	1262	1	1146	0.0	2111
lcl|SRR2407549|NODE_13_length_124606_cov_62.1114_ID_3634_pilon_(32591..53785)	blaCMY-4_1_AF420597	99.91	1146	1	0	117	1262	1	1146	0.0	2111
lcl|SRR2407549|NODE_13_length_124606_cov_62.1114_ID_3634_pilon_(32591..53785)	blaCMY-95_1_JX514369	99.83	1146	2	0	117	1262	1	1146	0.0	2106
lcl|SRR2407549|NODE_13_length_124606_cov_62.1114_ID_3634_pilon_(32591..53785)	blaCMY-55_1_HM544040	99.83	1146	2	0	117	1262	1	1146	0.0	2106
lcl|SRR2407549|NODE_13_length_124606_cov_62.1114_ID_3634_pilon_(32591..53785)	blaCMY-42_1_HM146927	99.83	1146	2	0	117	1262	1	1146	0.0	2106
lcl|SRR2407549|NODE_13_length_124606_cov_62.1114_ID_3634_pilon_(32591..53785)	blaCMY-30_1_EF685372	99.91	1143	1	0	117	1259	1	1143	0.0	2106
lcl|SRR2407549|NODE_13_length_124606_cov_62.1114_ID_3634_pilon_(32591..53785)	blaCMY-28_1_EF561644	99.83	1146	2	0	117	1262	1	1146	0.0	2106
lcl|SRR2407549|NODE_13_length_124606_cov_62.1114_ID_3634_pilon_(32591..53785)	blaCMY-22_1_DQ256079	99.83	1146	2	0	117	1262	1	1146	0.0	2106
lcl|SRR2407549|NODE_13_length_124606_cov_62.1114_ID_3634_pilon_(32591..53785)	blaCMY-21_1_DQ139328	99.83	1146	2	0	117	1262	1	1146	0.0	2106
lcl|SRR2407549|NODE_13_length_124606_cov_62.1114_ID_3634_pilon_(32591..53785)	blaCMY-16_1_FM995219	99.83	1146	2	0	117	1262	1	1146	0.0	2106
lcl|SRR2407549|NODE_13_length_124606_cov_62.1114_ID_3634_pilon_(32591..53785)	blaCMY-16_2_FJ855437	99.83	1146	2	0	117	1262	1	1146	0.0	2106
lcl|SRR2407549|NODE_13_length_124606_cov_62.1114_ID_3634_pilon_(32591..53785)	blaCMY-15_1_AJ555823	99.83	1146	2	0	117	1262	1	1146	0.0	2106
lcl|SRR2407549|NODE_13_length_124606_cov_62.1114_ID_3634_pilon_(32591..53785)	blaCMY-14_2_AJ555825	99.83	1146	2	0	117	1262	1	1146	0.0	2106
lcl|SRR2407549|NODE_13_length_124606_cov_62.1114_ID_3634_pilon_(32591..53785)	blaCMY-5_1_Y17716	99.83	1146	2	0	117	1262	1	1146	0.0	2106
lcl|SRR2407549|NODE_13_length_124606_cov_62.1114_ID_3634_pilon_(32591..53785)	blaCMY-99_1_KF305673	99.74	1146	3	0	117	1262	1	1146	0.0	2100
lcl|SRR2407549|NODE_13_length_124606_cov_62.1114_ID_3634_pilon_(32591..53785)	blaCMY-38_1_AM931008	99.74	1146	3	0	117	1262	1	1146	0.0	2100
lcl|SRR2407549|NODE_13_length_124606_cov_62.1114_ID_3634_pilon_(32591..53785)	blaCMY-34_1_EF394370	99.74	1146	3	0	117	1262	1	1146	0.0	2100
lcl|SRR2407549|NODE_13_length_124606_cov_62.1114_ID_3634_pilon_(32591..53785)	blaCMY-29_1_EF685371	99.83	1143	2	0	117	1259	1	1143	0.0	2100
lcl|SRR2407549|NODE_13_length_124606_cov_62.1114_ID_3634_pilon_(32591..53785)	blaCMY-14_1_EU600193	99.74	1146	3	0	117	1262	1	1146	0.0	2100
lcl|SRR2407549|NODE_13_length_124606_cov_62.1114_ID_3634_pilon_(32591..53785)	blaCMY-3_1_Y16783	99.83	1143	2	0	117	1259	1	1143	0.0	2100
lcl|SRR2407549|NODE_13_length_124606_cov_62.1114_ID_3634_pilon_(32591..53785)	blaCMY-45_1_FN546177	99.65	1146	4	0	117	1262	1	1146	0.0	2095
lcl|SRR2407549|NODE_13_length_124606_cov_62.1114_ID_3634_pilon_(32591..53785)	blaCMY-25_1_EU515249	99.65	1146	4	0	117	1262	1	1146	0.0	2095
lcl|SRR2407549|NODE_13_length_124606_cov_62.1114_ID_3634_pilon_(32591..53785)	blaCMY-61_1_JF460795	99.91	1137	0	1	127	1262	7	1143	0.0	2093
lcl|SRR2407549|NODE_13_length_124606_cov_62.1114_ID_3634_pilon_(32591..53785)	blaCMY-54_1_HM544039	99.48	1152	0	1	117	1262	1	1152	0.0	2089
lcl|SRR2407549|NODE_13_length_124606_cov_62.1114_ID_3634_pilon_(32591..53785)	blaCMY-18_1_AY743434	99.48	1152	0	1	117	1262	1	1152	0.0	2089
lcl|SRR2407549|NODE_13_length_124606_cov_62.1114_ID_3634_pilon_(32591..53785)	blaCMY-12_1_Y16785	99.65	1143	4	0	117	1259	1	1143	0.0	2089
lcl|SRR2407549|NODE_13_length_124606_cov_62.1114_ID_3634_pilon_(32591..53785)	blaCMY-36_1_EU331426	99.48	1147	4	2	117	1262	1	1146	0.0	2084
lcl|SRR2407549|NODE_13_length_124606_cov_62.1114_ID_3634_pilon_(32591..53785)	blaCMY-53_1_HQ336940	99.39	1146	7	0	117	1262	1	1146	0.0	2078
lcl|SRR2407549|NODE_13_length_124606_cov_62.1114_ID_3634_pilon_(32591..53785)	blaCMY-33_1_EU496816	99.48	1146	0	1	117	1262	1	1140	0.0	2078
lcl|SRR2407549|NODE_13_length_124606_cov_62.1114_ID_3634_pilon_(32591..53785)	blaCMY-20_1_AY960293	99.48	1143	6	0	120	1262	1	1143	0.0	2078
lcl|SRR2407549|NODE_13_length_124606_cov_62.1114_ID_3634_pilon_(32591..53785)	blaLAT-1_1_X78117	99.30	1147	6	2	117	1262	1	1146	0.0	2073
lcl|SRR2407549|NODE_13_length_124606_cov_62.1114_ID_3634_pilon_(32591..53785)	blaBIL-1_1_X74512	99.13	1146	10	0	117	1262	1	1146	0.0	2061
lcl|SRR2407549|NODE_13_length_124606_cov_62.1114_ID_3634_pilon_(32591..53785)	blaCMY-35_1_EF394371	98.87	1146	13	0	117	1262	1	1146	0.0	2045
lcl|SRR2407549|NODE_13_length_124606_cov_62.1114_ID_3634_pilon_(32591..53785)	blaCMY-44_1_FJ437066	98.95	1146	0	1	117	1262	1	1134	0.0	2039
lcl|SRR2407549|NODE_13_length_124606_cov_62.1114_ID_3634_pilon_(32591..53785)	blaCMY-46_1_FN556186	97.56	1146	28	0	117	1262	1	1146	0.0	1962
lcl|SRR2407549|NODE_13_length_124606_cov_62.1114_ID_3634_pilon_(32591..53785)	blaCMY-13_1_AY339625	97.56	1146	28	0	117	1262	1	1146	0.0	1962
lcl|SRR2407549|NODE_13_length_124606_cov_62.1114_ID_3634_pilon_(32591..53785)	blaCMY-71_1_JQ711184	97.47	1146	29	0	117	1262	1	1146	0.0	1956
lcl|SRR2407549|NODE_13_length_124606_cov_62.1114_ID_3634_pilon_(32591..53785)	blaCMY-80_1_JQ733577	97.38	1146	30	0	117	1262	1	1146	0.0	1951
lcl|SRR2407549|NODE_13_length_124606_cov_62.1114_ID_3634_pilon_(32591..53785)	blaCMY-37_1_AB280919	97.38	1146	30	0	117	1262	1	1146	0.0	1951
lcl|SRR2407549|NODE_13_length_124606_cov_62.1114_ID_3634_pilon_(32591..53785)	blaCMY-73_1_GQ351345	97.29	1146	31	0	117	1262	1	1146	0.0	1945
lcl|SRR2407549|NODE_13_length_124606_cov_62.1114_ID_3634_pilon_(32591..53785)	blaCMY-64_1_HQ832678	97.29	1146	31	0	117	1262	1	1146	0.0	1945
lcl|SRR2407549|NODE_13_length_124606_cov_62.1114_ID_3634_pilon_(32591..53785)	blaCMY-63_1_HQ650104	97.29	1146	31	0	117	1262	1	1146	0.0	1945
lcl|SRR2407549|NODE_13_length_124606_cov_62.1114_ID_3634_pilon_(32591..53785)	blaCMY-49_1_GQ402541	97.29	1146	31	0	117	1262	1	1146	0.0	1945
lcl|SRR2407549|NODE_13_length_124606_cov_62.1114_ID_3634_pilon_(32591..53785)	blaCMY-39_1_HM565135	97.29	1146	31	0	117	1262	1	1146	0.0	1945
lcl|SRR2407549|NODE_13_length_124606_cov_62.1114_ID_3634_pilon_(32591..53785)	blaCMY-77_1_JX440353	97.21	1146	32	0	117	1262	1	1146	0.0	1940
lcl|SRR2407549|NODE_13_length_124606_cov_62.1114_ID_3634_pilon_(32591..53785)	blaCMY-26_1_AB300358	97.12	1146	33	0	117	1262	1	1146	0.0	1934
lcl|SRR2407549|NODE_13_length_124606_cov_62.1114_ID_3634_pilon_(32591..53785)	blaCMY-40_1_EU515251	96.77	1146	37	0	117	1262	1	1146	0.0	1912
lcl|SRR2407549|NODE_13_length_124606_cov_62.1114_ID_3634_pilon_(32591..53785)	blaCMY-104_1_KF150216	96.42	1146	41	0	117	1262	1	1146	0.0	1890
lcl|SRR2407549|NODE_13_length_124606_cov_62.1114_ID_3634_pilon_(32591..53785)	blaCMY-76_1_JQ733573	95.03	1146	57	0	117	1262	1	1146	0.0	1801
lcl|SRR2407549|NODE_13_length_124606_cov_62.1114_ID_3634_pilon_(32591..53785)	blaCMY-79_1_JQ733576	94.94	1146	58	0	117	1262	1	1146	0.0	1796
lcl|SRR2407549|NODE_13_length_124606_cov_62.1114_ID_3634_pilon_(32591..53785)	blaCMY-48_1_HM569226	94.94	1146	58	0	117	1262	1	1146	0.0	1796
lcl|SRR2407549|NODE_13_length_124606_cov_62.1114_ID_3634_pilon_(32591..53785)	blaCMY-75_1_JQ733572	94.76	1146	60	0	117	1262	1	1146	0.0	1784
lcl|SRR2407549|NODE_13_length_124606_cov_62.1114_ID_3634_pilon_(32591..53785)	blaCMY-87_1_AB699171	94.66	1143	61	0	117	1259	1	1143	0.0	1773
lcl|SRR2407549|NODE_13_length_124606_cov_62.1114_ID_3634_pilon_(32591..53785)	blaCMY-72_1_JX440352	94.59	1146	62	0	117	1262	1	1146	0.0	1773
lcl|SRR2407549|NODE_13_length_124606_cov_62.1114_ID_3634_pilon_(32591..53785)	blaCMY-68_1_JN714480	94.59	1146	62	0	117	1262	1	1146	0.0	1773
lcl|SRR2407549|NODE_13_length_124606_cov_62.1114_ID_3634_pilon_(32591..53785)	blaCMY-110_1_AB872957	94.50	1146	63	0	117	1262	1	1146	0.0	1768
lcl|SRR2407549|NODE_13_length_124606_cov_62.1114_ID_3634_pilon_(32591..53785)	blaCMY-51_1_JQ733571	94.50	1146	63	0	117	1262	1	1146	0.0	1768
lcl|SRR2407549|NODE_13_length_124606_cov_62.1114_ID_3634_pilon_(32591..53785)	blaCMY-41_1_AB429270	94.50	1146	63	0	117	1262	1	1146	0.0	1768
lcl|SRR2407549|NODE_13_length_124606_cov_62.1114_ID_3634_pilon_(32591..53785)	blaCMY-84_1_JQ733579	94.42	1146	64	0	117	1262	1	1146	0.0	1762
lcl|SRR2407549|NODE_13_length_124606_cov_62.1114_ID_3634_pilon_(32591..53785)	blaCMY-65_1_JF780936	94.42	1146	64	0	117	1262	1	1146	0.0	1762
lcl|SRR2407549|NODE_13_length_124606_cov_62.1114_ID_3634_pilon_(32591..53785)	blaCMY-47_1_HM046998	94.33	1146	65	0	117	1262	1	1146	0.0	1757
lcl|SRR2407549|NODE_13_length_124606_cov_62.1114_ID_3634_pilon_(32591..53785)	blaCMY-81_1_JQ733578	94.24	1146	66	0	117	1262	1	1146	0.0	1751
lcl|SRR2407549|NODE_13_length_124606_cov_62.1114_ID_3634_pilon_(32591..53785)	blaCMY-66_1_JN714478	94.24	1146	66	0	117	1262	1	1146	0.0	1751
lcl|SRR2407549|NODE_13_length_124606_cov_62.1114_ID_3634_pilon_(32591..53785)	blaCMY-78_1_JQ733575	94.07	1146	68	0	117	1262	1	1146	0.0	1740
lcl|SRR2407549|NODE_13_length_124606_cov_62.1114_ID_3634_pilon_(32591..53785)	blaCMY-67_1_JQ711185	94.07	1146	68	0	117	1262	1	1146	0.0	1740
lcl|SRR2407549|NODE_13_length_124606_cov_62.1114_ID_3634_pilon_(32591..53785)	blaCMY-74_1_JX440349	90.14	1146	113	0	117	1262	1	1146	0.0	1491
lcl|SRR2407549|NODE_13_length_124606_cov_62.1114_ID_3634_pilon_(32591..53785)	blaCMY-83_1_JX440351	90.05	1146	114	0	117	1262	1	1146	0.0	1485
lcl|SRR2407549|NODE_13_length_124606_cov_62.1114_ID_3634_pilon_(32591..53785)	blaCMY-70_1_JX440350	90.05	1146	114	0	117	1262	1	1146	0.0	1485
lcl|SRR2407550|NODE_30_length_7584_cov_59.2537_ID_4558_pilon_(1629..7302)	aac(3)-IId_1_EU022314	99.88	861	1	0	4780	5640	861	1	0.0	1585
lcl|SRR2407550|NODE_30_length_7584_cov_59.2537_ID_4558_pilon_(1629..7302)	aac(3)-IIc_1_X54723	96.98	861	26	0	4780	5640	861	1	0.0	1447
lcl|SRR2407550|NODE_30_length_7584_cov_59.2537_ID_4558_pilon_(1629..7302)	aac(3)-IIa_1_X51534	96.98	861	26	0	4780	5640	861	1	0.0	1447
lcl|SRR2407550|NODE_30_length_7584_cov_59.2537_ID_4558_pilon_(1629..7302)	aac(3)-IIe_1_EU022315	96.75	861	28	0	4780	5640	861	1	0.0	1435
lcl|SRR2407540|NODE_30_length_74130_cov_25.4249_ID_5948_pilon_(128..3373)	aph(4)-Ia_1_V01499	100.00	1026	0	0	1056	2081	1	1026	0.0	1895
lcl|SRR2407540|NODE_30_length_74130_cov_25.4249_ID_5948_pilon_(128..3373)	aac(3)-IVa_1_X01385	99.87	786	0	1	51	835	1	786	0.0	1445
lcl|SRR2407540|NODE_67_length_7684_cov_1265.79_ID_6022_pilon_(1..7684)	QnrS2_1_JF261185	100.00	657	0	0	2384	3040	657	1	0.0	1214
lcl|SRR2407540|NODE_67_length_7684_cov_1265.79_ID_6022_pilon_(1..7684)	QnrS6_1_HQ631376	99.85	657	1	0	2384	3040	657	1	0.0	1208
lcl|SRR2407540|NODE_67_length_7684_cov_1265.79_ID_6022_pilon_(1..7684)	QnrS5_1_HQ631377	90.88	658	58	2	2384	3040	657	1	0.0	881
lcl|SRR2407540|NODE_67_length_7684_cov_1265.79_ID_6022_pilon_(1..7684)	QnrS1_1_AB187515	90.26	657	62	2	2385	3040	656	1	0.0	857
lcl|SRR2407540|NODE_67_length_7684_cov_1265.79_ID_6022_pilon_(1..7684)	QnrS4_1_FJ418153	90.11	657	63	2	2385	3040	656	1	0.0	852
lcl|SRR2407540|NODE_67_length_7684_cov_1265.79_ID_6022_pilon_(1..7684)	QnrS3_1_EU077611	90.09	656	63	2	2385	3039	655	1	0.0	850
lcl|SRR2407540|NODE_73_length_4955_cov_18.33_ID_6034_pilon_(128..4826)	sul3_2_AJ459418	100.00	792	0	0	2021	2812	1	792	0.0	1463
lcl|SRR2407540|NODE_73_length_4955_cov_18.33_ID_6034_pilon_(128..4826)	mef(B)_1_FJ196385	100.00	260	0	0	1	260	260	1	1e-135	481
lcl|SRR2407540|NODE_73_length_4955_cov_18.33_ID_6034_pilon_(128..4826)	aadA1_3_JQ414041	100.00	206	0	0	4494	4699	792	587	1e-105	381
lcl|SRR2407540|NODE_73_length_4955_cov_18.33_ID_6034_pilon_(128..4826)	aadA1_2_JN815078	99.03	206	2	0	4494	4699	792	587	3e-102	370
lcl|SRR2407540|NODE_73_length_4955_cov_18.33_ID_6034_pilon_(128..4826)	aadA23_1_AJ809407	99.03	206	2	0	4494	4699	780	575	3e-102	370
lcl|SRR2407540|NODE_73_length_4955_cov_18.33_ID_6034_pilon_(128..4826)	aadA1_5_JX185132	99.03	206	2	0	4494	4699	792	587	3e-102	370
lcl|SRR2407540|NODE_73_length_4955_cov_18.33_ID_6034_pilon_(128..4826)	aadA1_4_M95287	99.03	206	2	0	4494	4699	792	587	3e-102	370
lcl|SRR2407540|NODE_73_length_4955_cov_18.33_ID_6034_pilon_(128..4826)	aadA1_2_FJ591054	99.03	206	2	0	4494	4699	792	587	3e-102	370
lcl|SRR2407540|NODE_73_length_4955_cov_18.33_ID_6034_pilon_(128..4826)	aadA1_1_X02340	99.03	206	2	0	4494	4699	972	767	3e-102	370
lcl|SRR2407540|NODE_73_length_4955_cov_18.33_ID_6034_pilon_(128..4826)	aadA22_1_AM261837	98.54	206	3	0	4494	4699	792	587	1e-100	364
lcl|SRR2407540|NODE_73_length_4955_cov_18.33_ID_6034_pilon_(128..4826)	aadA8b_1_AM040708	98.54	206	3	0	4494	4699	792	587	1e-100	364
lcl|SRR2407540|NODE_73_length_4955_cov_18.33_ID_6034_pilon_(128..4826)	aadA21_1_AY171244	98.06	206	4	0	4494	4699	792	587	6e-99	359
lcl|SRR2407540|NODE_73_length_4955_cov_18.33_ID_6034_pilon_(128..4826)	aadA8_1_AF326210	97.57	206	5	0	4494	4699	792	587	3e-97	353
lcl|SRR2407540|NODE_73_length_4955_cov_18.33_ID_6034_pilon_(128..4826)	aadA1_5_JQ480156	97.57	206	2	1	4494	4699	789	587	3e-96	350
lcl|SRR2407540|NODE_73_length_4955_cov_18.33_ID_6034_pilon_(128..4826)	aadA24_1_AM711129	96.08	204	8	0	4496	4699	778	575	3e-91	333
lcl|SRR2407540|NODE_73_length_4955_cov_18.33_ID_6034_pilon_(128..4826)	aadA3_1_AF047479	92.23	206	16	0	4494	4699	792	587	6e-79	292
lcl|SRR2407540|NODE_73_length_4955_cov_18.33_ID_6034_pilon_(128..4826)	aadA16_1_EU675686	97.78	45	1	0	3936	3980	846	802	2e-14	78.7
lcl|SRR2407540|NODE_73_length_4955_cov_18.33_ID_6034_pilon_(128..4826)	aadA6_1_AF140629	97.78	45	1	0	3936	3980	846	802	2e-14	78.7
lcl|SRR2407540|NODE_74_length_4137_cov_19.3012_ID_6036_pilon_(1622..3361)	aadA2_2_JQ364967	99.87	792	1	0	40	831	792	1	0.0	1458
lcl|SRR2407540|NODE_74_length_4137_cov_19.3012_ID_6036_pilon_(1622..3361)	aadA2_1_X68227	100.00	780	0	0	40	819	780	1	0.0	1441
lcl|SRR2407540|NODE_74_length_4137_cov_19.3012_ID_6036_pilon_(1622..3361)	aadA3_1_AF047479	98.86	790	9	0	42	831	790	1	0.0	1410
lcl|SRR2407540|NODE_74_length_4137_cov_19.3012_ID_6036_pilon_(1622..3361)	aadA8b_1_AM040708	96.84	790	25	0	42	831	790	1	0.0	1321
lcl|SRR2407540|NODE_74_length_4137_cov_19.3012_ID_6036_pilon_(1622..3361)	aadA8_1_AF326210	96.33	790	29	0	42	831	790	1	0.0	1299
lcl|SRR2407540|NODE_74_length_4137_cov_19.3012_ID_6036_pilon_(1622..3361)	aadA17_1_FJ460181	95.96	792	32	0	40	831	792	1	0.0	1286
lcl|SRR2407540|NODE_74_length_4137_cov_19.3012_ID_6036_pilon_(1622..3361)	aadA12_1_AY665771	94.95	792	40	0	40	831	792	1	0.0	1242
lcl|SRR2407540|NODE_74_length_4137_cov_19.3012_ID_6036_pilon_(1622..3361)	aadA15_1_DQ393783	92.93	792	56	0	40	831	792	1	0.0	1153
lcl|SRR2407540|NODE_74_length_4137_cov_19.3012_ID_6036_pilon_(1622..3361)	aadA1_2_FJ591054	91.77	790	65	0	42	831	790	1	0.0	1099
lcl|SRR2407540|NODE_74_length_4137_cov_19.3012_ID_6036_pilon_(1622..3361)	aadA22_1_AM261837	92.15	777	61	0	55	831	777	1	0.0	1098
lcl|SRR2407540|NODE_74_length_4137_cov_19.3012_ID_6036_pilon_(1622..3361)	aadA21_1_AY171244	91.52	790	67	0	42	831	790	1	0.0	1088
lcl|SRR2407540|NODE_74_length_4137_cov_19.3012_ID_6036_pilon_(1622..3361)	aadA23_1_AJ809407	91.65	778	65	0	42	819	778	1	0.0	1077
lcl|SRR2407540|NODE_74_length_4137_cov_19.3012_ID_6036_pilon_(1622..3361)	aadA24_1_AM711129	90.41	772	74	0	40	811	780	9	0.0	1016
lcl|SRR2407540|NODE_74_length_4137_cov_19.3012_ID_6036_pilon_(1622..3361)	dfrA12_1_AB571791	99.80	498	1	0	1239	1736	498	1	0.0	915
lcl|SRR2407540|NODE_75_length_3335_cov_5089.88_ID_6038_pilon_(1941..3335)	aph(3')-Ia_1_V00359	99.14	814	7	0	291	1104	1	814	0.0	1465
lcl|SRR2407540|NODE_75_length_3335_cov_5089.88_ID_6038_pilon_(1941..3335)	aph(3')-Ic_1_X62115	98.77	816	10	0	291	1106	1	816	0.0	1452
lcl|SRR2407533|NODE_21_length_86087_cov_13.674_ID_16017_pilon	ole(B)_1_L36601	100.00	28	0	0	7009	7036	665	638	2e-05	52.8
lcl|SRR2407533|NODE_40_length_35105_cov_19.9578_ID_16055_pilon	tet(A)_4_AJ517790	100.00	1172	0	0	6343	7514	1172	1	0.0	2165
lcl|SRR2407533|NODE_40_length_35105_cov_19.9578_ID_16055_pilon	tet(A)_6_AJ313332	99.83	1172	2	0	6343	7514	1172	1	0.0	2154
lcl|SRR2407533|NODE_40_length_35105_cov_19.9578_ID_16055_pilon	tet(A)_5_AJ419171	99.74	1172	3	0	6343	7514	1172	1	0.0	2148
lcl|SRR2407533|NODE_40_length_35105_cov_19.9578_ID_16055_pilon	floR_2_AF118107	98.35	1214	20	0	4501	5714	1	1214	0.0	2132
lcl|SRR2407533|NODE_40_length_35105_cov_19.9578_ID_16055_pilon	tet(A)_3_AY196695	99.40	1172	7	0	6343	7514	1172	1	0.0	2126
lcl|SRR2407533|NODE_40_length_35105_cov_19.9578_ID_16055_pilon	floR_1_AF071555	98.19	1214	22	0	4501	5714	1	1214	0.0	2121
lcl|SRR2407533|NODE_40_length_35105_cov_19.9578_ID_16055_pilon	tet(A)_2_X00006	99.15	1173	8	2	6343	7514	1172	1	0.0	2109
lcl|SRR2407533|NODE_40_length_35105_cov_19.9578_ID_16055_pilon	strB_1_M96392	100.00	837	0	0	8850	9686	837	1	0.0	1546
lcl|SRR2407533|NODE_40_length_35105_cov_19.9578_ID_16055_pilon	strB_3_AF024602	99.88	837	1	0	8850	9686	837	1	0.0	1541
lcl|SRR2407533|NODE_40_length_35105_cov_19.9578_ID_16055_pilon	sul2_2_GQ421466	100.00	816	0	0	10550	11365	816	1	0.0	1507
lcl|SRR2407533|NODE_40_length_35105_cov_19.9578_ID_16055_pilon	sul2_9_FJ197818	100.00	815	0	0	10551	11365	815	1	0.0	1506
lcl|SRR2407533|NODE_40_length_35105_cov_19.9578_ID_16055_pilon	sul2_9_FJ197818	100.00	38	0	0	10476	10513	852	815	2e-11	71.3
lcl|SRR2407533|NODE_40_length_35105_cov_19.9578_ID_16055_pilon	sul2_20_AJ830710	99.88	816	1	0	10550	11365	816	1	0.0	1502
lcl|SRR2407533|NODE_40_length_35105_cov_19.9578_ID_16055_pilon	sul2_19_AJ319822	99.88	816	1	0	10550	11365	816	1	0.0	1502
lcl|SRR2407533|NODE_40_length_35105_cov_19.9578_ID_16055_pilon	sul2_18_AJ830714	99.88	816	1	0	10550	11365	816	1	0.0	1502
lcl|SRR2407533|NODE_40_length_35105_cov_19.9578_ID_16055_pilon	sul2_17_U57647	99.88	816	1	0	10550	11365	816	1	0.0	1502
lcl|SRR2407533|NODE_40_length_35105_cov_19.9578_ID_16055_pilon	sul2_15_FJ968160	99.88	816	1	0	10550	11365	816	1	0.0	1502
lcl|SRR2407533|NODE_40_length_35105_cov_19.9578_ID_16055_pilon	sul2_12_AF497970	99.88	816	1	0	10550	11365	816	1	0.0	1502
lcl|SRR2407533|NODE_40_length_35105_cov_19.9578_ID_16055_pilon	sul2_11_AY232670	99.88	816	1	0	10550	11365	816	1	0.0	1502
lcl|SRR2407533|NODE_40_length_35105_cov_19.9578_ID_16055_pilon	sul2_8_AJ877041	99.88	815	1	0	10551	11365	815	1	0.0	1500
lcl|SRR2407533|NODE_40_length_35105_cov_19.9578_ID_16055_pilon	sul2_8_AJ877041	100.00	38	0	0	10476	10513	852	815	2e-11	71.3
lcl|SRR2407533|NODE_40_length_35105_cov_19.9578_ID_16055_pilon	sul2_7_HM486907	99.88	815	1	0	10551	11365	815	1	0.0	1500
lcl|SRR2407533|NODE_40_length_35105_cov_19.9578_ID_16055_pilon	sul2_7_HM486907	100.00	38	0	0	10476	10513	852	815	2e-11	71.3
lcl|SRR2407533|NODE_40_length_35105_cov_19.9578_ID_16055_pilon	sul2_13_AJ289135	99.75	816	2	0	10550	11365	816	1	0.0	1496
lcl|SRR2407533|NODE_40_length_35105_cov_19.9578_ID_16055_pilon	sul2_6_FN995456	99.75	816	2	0	10550	11365	816	1	0.0	1496
lcl|SRR2407533|NODE_40_length_35105_cov_19.9578_ID_16055_pilon	sul2_14_AJ514834	100.00	808	0	0	10558	11365	808	1	0.0	1493
lcl|SRR2407533|NODE_40_length_35105_cov_19.9578_ID_16055_pilon	sul2_10_AM183225	99.63	819	0	3	10550	11365	819	1	0.0	1493
lcl|SRR2407533|NODE_40_length_35105_cov_19.9578_ID_16055_pilon	sul2_3_HQ840942	99.63	816	3	0	10550	11365	816	1	0.0	1491
lcl|SRR2407533|NODE_40_length_35105_cov_19.9578_ID_16055_pilon	sul2_1_AF542061	99.63	816	3	0	10550	11365	816	1	0.0	1491
lcl|SRR2407533|NODE_40_length_35105_cov_19.9578_ID_16055_pilon	strA_4_AF321551	100.00	804	0	0	9686	10489	804	1	0.0	1485
lcl|SRR2407533|NODE_40_length_35105_cov_19.9578_ID_16055_pilon	strA_1_M96392	99.88	804	1	0	9686	10489	804	1	0.0	1480
lcl|SRR2407533|NODE_40_length_35105_cov_19.9578_ID_16055_pilon	strA_3_AF024602	99.88	803	1	0	9686	10488	804	2	0.0	1478
lcl|SRR2407533|NODE_40_length_35105_cov_19.9578_ID_16055_pilon	strA_5_AF321550	99.75	804	2	0	9686	10489	804	1	0.0	1474
lcl|SRR2407533|NODE_40_length_35105_cov_19.9578_ID_16055_pilon	strA_2_M28829	99.75	804	2	0	9686	10489	804	1	0.0	1474
lcl|SRR2407533|NODE_40_length_35105_cov_19.9578_ID_16055_pilon	sul2_5_AY524415	99.02	816	8	0	10550	11365	816	1	0.0	1463
lcl|SRR2407533|NODE_52_length_12474_cov_25.5754_ID_16079_pilon	cmlA1_1_M64556	99.68	1260	4	0	9072	10331	1260	1	0.0	2305
lcl|SRR2407533|NODE_52_length_12474_cov_25.5754_ID_16079_pilon	cmlA1_2_AB212941	99.13	1260	11	0	9072	10331	1260	1	0.0	2266
lcl|SRR2407533|NODE_52_length_12474_cov_25.5754_ID_16079_pilon	blaTEM-1B_1_JF910132	100.00	861	0	0	3399	4259	861	1	0.0	1591
lcl|SRR2407533|NODE_52_length_12474_cov_25.5754_ID_16079_pilon	blaTEM-208_1_KC865667	99.88	861	1	0	3399	4259	861	1	0.0	1585
lcl|SRR2407533|NODE_52_length_12474_cov_25.5754_ID_16079_pilon	blaTEM-207_1_KC818234	99.88	861	1	0	3399	4259	861	1	0.0	1585
lcl|SRR2407533|NODE_52_length_12474_cov_25.5754_ID_16079_pilon	blaTEM-206_1_KC783461	99.88	861	1	0	3399	4259	861	1	0.0	1585
lcl|SRR2407533|NODE_52_length_12474_cov_25.5754_ID_16079_pilon	blaTEM-198_1_AB700703	99.88	861	1	0	3399	4259	861	1	0.0	1585
lcl|SRR2407533|NODE_52_length_12474_cov_25.5754_ID_16079_pilon	blaTEM-186_1_JN227084	99.88	861	1	0	3399	4259	861	1	0.0	1585
lcl|SRR2407533|NODE_52_length_12474_cov_25.5754_ID_16079_pilon	blaTEM-176_1_GU550123	99.88	861	1	0	3399	4259	861	1	0.0	1585
lcl|SRR2407533|NODE_52_length_12474_cov_25.5754_ID_16079_pilon	blaTEM-166_1_FJ197316	99.88	861	1	0	3399	4259	861	1	0.0	1585
lcl|SRR2407533|NODE_52_length_12474_cov_25.5754_ID_16079_pilon	blaTEM-148_1_AM087454	99.88	861	1	0	3399	4259	861	1	0.0	1585
lcl|SRR2407533|NODE_52_length_12474_cov_25.5754_ID_16079_pilon	blaTEM-143_1_DQ075245	99.88	861	1	0	3399	4259	861	1	0.0	1585
lcl|SRR2407533|NODE_52_length_12474_cov_25.5754_ID_16079_pilon	blaTEM-127_1_AY368236	99.88	861	1	0	3399	4259	861	1	0.0	1585
lcl|SRR2407533|NODE_52_length_12474_cov_25.5754_ID_16079_pilon	blaTEM-105_1_AF516720	99.88	861	1	0	3399	4259	861	1	0.0	1585
lcl|SRR2407533|NODE_52_length_12474_cov_25.5754_ID_16079_pilon	blaTEM-95_1_AJ308558	99.88	861	1	0	3399	4259	861	1	0.0	1585
lcl|SRR2407533|NODE_52_length_12474_cov_25.5754_ID_16079_pilon	blaTEM-76_1_AF190694	99.88	861	1	0	3399	4259	861	1	0.0	1585
lcl|SRR2407533|NODE_52_length_12474_cov_25.5754_ID_16079_pilon	blaTEM-70_1_AF188199	99.88	861	1	0	3399	4259	861	1	0.0	1585
lcl|SRR2407533|NODE_52_length_12474_cov_25.5754_ID_16079_pilon	blaTEM-34_1_KC292503	99.88	861	1	0	3399	4259	861	1	0.0	1585
lcl|SRR2407533|NODE_52_length_12474_cov_25.5754_ID_16079_pilon	blaTEM-33_1_GU371926	99.88	861	1	0	3399	4259	861	1	0.0	1585
lcl|SRR2407533|NODE_52_length_12474_cov_25.5754_ID_16079_pilon	blaTEM-30_1_AJ437107	99.88	861	1	0	3399	4259	861	1	0.0	1585
lcl|SRR2407533|NODE_52_length_12474_cov_25.5754_ID_16079_pilon	blaTEM-209_1_KF240808	99.77	861	2	0	3399	4259	861	1	0.0	1580
lcl|SRR2407533|NODE_52_length_12474_cov_25.5754_ID_16079_pilon	blaTEM-201_1_JX310327	99.77	861	2	0	3399	4259	861	1	0.0	1580
lcl|SRR2407533|NODE_52_length_12474_cov_25.5754_ID_16079_pilon	blaTEM-164_1_EU274580	99.77	861	2	0	3399	4259	861	1	0.0	1580
lcl|SRR2407533|NODE_52_length_12474_cov_25.5754_ID_16079_pilon	blaTEM-141_1_AY956335	99.77	861	2	0	3399	4259	861	1	0.0	1580
lcl|SRR2407533|NODE_52_length_12474_cov_25.5754_ID_16079_pilon	blaTEM-135_1_GQ896333	99.77	861	2	0	3399	4259	861	1	0.0	1580
lcl|SRR2407533|NODE_52_length_12474_cov_25.5754_ID_16079_pilon	blaTEM-126_1_AY628199	99.77	861	2	0	3399	4259	861	1	0.0	1580
lcl|SRR2407533|NODE_52_length_12474_cov_25.5754_ID_16079_pilon	blaTEM-122_1_AY307100	99.77	861	2	0	3399	4259	861	1	0.0	1580
lcl|SRR2407533|NODE_52_length_12474_cov_25.5754_ID_16079_pilon	blaTEM-106_1_AY101578	99.77	861	2	0	3399	4259	861	1	0.0	1580
lcl|SRR2407533|NODE_52_length_12474_cov_25.5754_ID_16079_pilon	blaTEM-104_1_AF516719	99.77	861	2	0	3399	4259	861	1	0.0	1580
lcl|SRR2407533|NODE_52_length_12474_cov_25.5754_ID_16079_pilon	blaTEM-79_1_AF190692	99.77	861	2	0	3399	4259	861	1	0.0	1580
lcl|SRR2407533|NODE_52_length_12474_cov_25.5754_ID_16079_pilon	blaTEM-77_1_AF190695	99.77	861	2	0	3399	4259	861	1	0.0	1580
lcl|SRR2407533|NODE_52_length_12474_cov_25.5754_ID_16079_pilon	blaTEM-57_1_FJ405211	99.77	861	2	0	3399	4259	861	1	0.0	1580
lcl|SRR2407533|NODE_52_length_12474_cov_25.5754_ID_16079_pilon	blaTEM-55_1_DQ286729	99.77	861	2	0	3399	4259	861	1	0.0	1580
lcl|SRR2407533|NODE_52_length_12474_cov_25.5754_ID_16079_pilon	blaTEM-29_1_DQ269440	99.77	861	2	0	3399	4259	861	1	0.0	1580
lcl|SRR2407533|NODE_52_length_12474_cov_25.5754_ID_16079_pilon	blaTEM-28_1_ECU37195	99.77	861	2	0	3399	4259	861	1	0.0	1580
lcl|SRR2407533|NODE_52_length_12474_cov_25.5754_ID_16079_pilon	blaTEM-15_1_AM849805	99.77	861	2	0	3399	4259	861	1	0.0	1580
lcl|SRR2407533|NODE_52_length_12474_cov_25.5754_ID_16079_pilon	blaTEM-10_1_AF093512	99.77	861	2	0	3399	4259	861	1	0.0	1580
lcl|SRR2407533|NODE_52_length_12474_cov_25.5754_ID_16079_pilon	blaTEM-1C_5_FJ560503	99.77	861	2	0	3399	4259	861	1	0.0	1580
lcl|SRR2407533|NODE_52_length_12474_cov_25.5754_ID_16079_pilon	blaTEM-182_1_HQ317449	99.65	861	3	0	3399	4259	861	1	0.0	1574
lcl|SRR2407533|NODE_52_length_12474_cov_25.5754_ID_16079_pilon	blaTEM-163_1_EU815939	99.65	861	3	0	3399	4259	861	1	0.0	1574
lcl|SRR2407533|NODE_52_length_12474_cov_25.5754_ID_16079_pilon	blaTEM-158_1_EF534736	99.65	861	3	0	3399	4259	861	1	0.0	1574
lcl|SRR2407533|NODE_52_length_12474_cov_25.5754_ID_16079_pilon	blaTEM-147_1_DQ279850	99.65	861	3	0	3399	4259	861	1	0.0	1574
lcl|SRR2407533|NODE_52_length_12474_cov_25.5754_ID_16079_pilon	blaTEM-132_1_AY491682	99.65	861	3	0	3399	4259	861	1	0.0	1574
lcl|SRR2407533|NODE_52_length_12474_cov_25.5754_ID_16079_pilon	blaTEM-52B_1_AF027199	99.65	861	3	0	3399	4259	861	1	0.0	1574
lcl|SRR2407533|NODE_52_length_12474_cov_25.5754_ID_16079_pilon	blaTEM-1A_4_HM749966	99.65	861	3	0	3399	4259	861	1	0.0	1574
lcl|SRR2407533|NODE_52_length_12474_cov_25.5754_ID_16079_pilon	blaTEM-183_1_HQ529916	99.54	861	4	0	3399	4259	861	1	0.0	1568
lcl|SRR2407533|NODE_52_length_12474_cov_25.5754_ID_16079_pilon	blaTEM-171_1_GQ149347	99.54	861	4	0	3399	4259	861	1	0.0	1568
lcl|SRR2407533|NODE_52_length_12474_cov_25.5754_ID_16079_pilon	blaTEM-169_1_FJ873740	99.65	858	3	0	3402	4259	858	1	0.0	1568
lcl|SRR2407533|NODE_52_length_12474_cov_25.5754_ID_16079_pilon	blaTEM-168_1_FJ919776	99.54	861	4	0	3399	4259	861	1	0.0	1568
lcl|SRR2407533|NODE_52_length_12474_cov_25.5754_ID_16079_pilon	blaTEM-156_1_AM941159	99.54	861	4	0	3399	4259	861	1	0.0	1568
lcl|SRR2407533|NODE_52_length_12474_cov_25.5754_ID_16079_pilon	blaTEM-150_1_AM183304	99.54	861	4	0	3399	4259	861	1	0.0	1568
lcl|SRR2407533|NODE_52_length_12474_cov_25.5754_ID_16079_pilon	blaTEM-109_1_AY628175	99.54	861	4	0	3399	4259	861	1	0.0	1568
lcl|SRR2407533|NODE_52_length_12474_cov_25.5754_ID_16079_pilon	blaTEM-107_1_AY101764	99.54	861	4	0	3399	4259	861	1	0.0	1568
lcl|SRR2407533|NODE_52_length_12474_cov_25.5754_ID_16079_pilon	blaTEM-96_1_AY092401	99.54	861	4	0	3399	4259	861	1	0.0	1568
lcl|SRR2407533|NODE_52_length_12474_cov_25.5754_ID_16079_pilon	blaTEM-90_1_AF351241	99.54	861	4	0	3399	4259	861	1	0.0	1568
lcl|SRR2407533|NODE_52_length_12474_cov_25.5754_ID_16079_pilon	blaTEM-88_1_AY027590	99.54	861	4	0	3399	4259	861	1	0.0	1568
lcl|SRR2407533|NODE_52_length_12474_cov_25.5754_ID_16079_pilon	blaTEM-54_1_AF104442	99.54	861	4	0	3399	4259	861	1	0.0	1568
lcl|SRR2407533|NODE_52_length_12474_cov_25.5754_ID_16079_pilon	blaTEM-43_1_KPU95363	99.54	861	4	0	3399	4259	861	1	0.0	1568
lcl|SRR2407533|NODE_52_length_12474_cov_25.5754_ID_16079_pilon	blaTEM-20_1_EU527189	99.54	861	4	0	3399	4259	861	1	0.0	1568
lcl|SRR2407533|NODE_52_length_12474_cov_25.5754_ID_16079_pilon	blaTEM-189_1_JN254627	99.42	861	5	0	3399	4259	861	1	0.0	1563
lcl|SRR2407533|NODE_52_length_12474_cov_25.5754_ID_16079_pilon	blaTEM-154_1_FJ807656	99.42	861	5	0	3399	4259	861	1	0.0	1563
lcl|SRR2407533|NODE_52_length_12474_cov_25.5754_ID_16079_pilon	blaTEM-153_1_KC149518	99.42	861	5	0	3399	4259	861	1	0.0	1563
lcl|SRR2407533|NODE_52_length_12474_cov_25.5754_ID_16079_pilon	blaTEM-146_1_DQ105529	99.42	861	5	0	3399	4259	861	1	0.0	1563
lcl|SRR2407533|NODE_52_length_12474_cov_25.5754_ID_16079_pilon	blaTEM-145_1_DQ105528	99.42	861	5	0	3399	4259	861	1	0.0	1563
lcl|SRR2407533|NODE_52_length_12474_cov_25.5754_ID_16079_pilon	blaTEM-144_1_DQ256080	99.42	861	5	0	3399	4259	861	1	0.0	1563
lcl|SRR2407533|NODE_52_length_12474_cov_25.5754_ID_16079_pilon	blaTEM-136_1_AY826417	99.42	861	5	0	3399	4259	861	1	0.0	1563
lcl|SRR2407533|NODE_52_length_12474_cov_25.5754_ID_16079_pilon	blaTEM-116_7_AY425988	99.42	861	5	0	3399	4259	861	1	0.0	1563
lcl|SRR2407533|NODE_52_length_12474_cov_25.5754_ID_16079_pilon	blaTEM-112_1_AY589493	99.42	861	5	0	3399	4259	861	1	0.0	1563
lcl|SRR2407533|NODE_52_length_12474_cov_25.5754_ID_16079_pilon	blaTEM-91_1_AB049569	99.42	861	5	0	3399	4259	861	1	0.0	1563
lcl|SRR2407533|NODE_52_length_12474_cov_25.5754_ID_16079_pilon	blaTEM-82_1_AF427128	99.42	861	5	0	3399	4259	861	1	0.0	1563
lcl|SRR2407533|NODE_52_length_12474_cov_25.5754_ID_16079_pilon	blaTEM-81_1_AF427127	99.42	861	5	0	3399	4259	861	1	0.0	1563
lcl|SRR2407533|NODE_52_length_12474_cov_25.5754_ID_16079_pilon	blaTEM-52C_2_EF141186	99.42	861	5	0	3399	4259	861	1	0.0	1563
lcl|SRR2407533|NODE_52_length_12474_cov_25.5754_ID_16079_pilon	blaTEM-6_1_X57972	99.42	861	5	0	3399	4259	861	1	0.0	1563
lcl|SRR2407533|NODE_52_length_12474_cov_25.5754_ID_16079_pilon	blaTEM-1D_83_AF188200	99.42	861	5	0	3399	4259	861	1	0.0	1563
lcl|SRR2407533|NODE_52_length_12474_cov_25.5754_ID_16079_pilon	blaTEM-99_1_AF397066	99.65	853	3	0	3399	4251	861	9	0.0	1559
lcl|SRR2407533|NODE_52_length_12474_cov_25.5754_ID_16079_pilon	blaTEM-197_1_HQ877606	99.30	861	6	0	3399	4259	861	1	0.0	1557
lcl|SRR2407533|NODE_52_length_12474_cov_25.5754_ID_16079_pilon	blaTEM-185_1_JF795538	99.30	861	6	0	3399	4259	861	1	0.0	1557
lcl|SRR2407533|NODE_52_length_12474_cov_25.5754_ID_16079_pilon	blaTEM-155_1_DQ679961	99.30	861	6	0	3399	4259	861	1	0.0	1557
lcl|SRR2407533|NODE_52_length_12474_cov_25.5754_ID_16079_pilon	blaTEM-128_1_AY359287	99.30	861	6	0	3399	4259	861	1	0.0	1557
lcl|SRR2407533|NODE_52_length_12474_cov_25.5754_ID_16079_pilon	blaTEM-120_1_AY243512	99.30	861	6	0	3399	4259	861	1	0.0	1557
lcl|SRR2407533|NODE_52_length_12474_cov_25.5754_ID_16079_pilon	blaTEM-115_1_AF535127	99.30	861	6	0	3399	4259	861	1	0.0	1557
lcl|SRR2407533|NODE_52_length_12474_cov_25.5754_ID_16079_pilon	blaTEM-93_1_AJ318093	99.30	861	6	0	3399	4259	861	1	0.0	1557
lcl|SRR2407533|NODE_52_length_12474_cov_25.5754_ID_16079_pilon	blaTEM-84_1_AF427130	99.30	861	6	0	3399	4259	861	1	0.0	1557
lcl|SRR2407533|NODE_52_length_12474_cov_25.5754_ID_16079_pilon	blaTEM-80_1_AF347054	99.30	861	6	0	3399	4259	861	1	0.0	1557
lcl|SRR2407533|NODE_52_length_12474_cov_25.5754_ID_16079_pilon	blaTEM-47_1_Y10279	99.30	861	6	0	3399	4259	861	1	0.0	1557
lcl|SRR2407533|NODE_52_length_12474_cov_25.5754_ID_16079_pilon	blaTEM-12_1_M88143	99.30	861	6	0	3399	4259	861	1	0.0	1557
lcl|SRR2407533|NODE_52_length_12474_cov_25.5754_ID_16079_pilon	blaTEM-2_1_X54606	99.30	861	6	0	3399	4259	861	1	0.0	1557
lcl|SRR2407533|NODE_52_length_12474_cov_25.5754_ID_16079_pilon	blaTEM-98_1_AF397068	99.53	853	4	0	3399	4251	861	9	0.0	1554
lcl|SRR2407533|NODE_52_length_12474_cov_25.5754_ID_16079_pilon	blaTEM-97_1_AF397067	99.53	853	4	0	3399	4251	861	9	0.0	1554
lcl|SRR2407533|NODE_52_length_12474_cov_25.5754_ID_16079_pilon	blaTEM-213_1_KF663615	99.30	858	6	0	3402	4259	858	1	0.0	1552
lcl|SRR2407533|NODE_52_length_12474_cov_25.5754_ID_16079_pilon	blaTEM-160_1_EF136377	99.19	861	7	0	3399	4259	861	1	0.0	1552
lcl|SRR2407533|NODE_52_length_12474_cov_25.5754_ID_16079_pilon	blaTEM-159_1_EF136376	99.19	861	7	0	3399	4259	861	1	0.0	1552
lcl|SRR2407533|NODE_52_length_12474_cov_25.5754_ID_16079_pilon	blaTEM-157_1_DQ909059	99.19	861	7	0	3399	4259	861	1	0.0	1552
lcl|SRR2407533|NODE_52_length_12474_cov_25.5754_ID_16079_pilon	blaTEM-133_1_AY528425	99.19	861	7	0	3399	4259	861	1	0.0	1552
lcl|SRR2407533|NODE_52_length_12474_cov_25.5754_ID_16079_pilon	blaTEM-129_1_AY452662	99.19	861	7	0	3399	4259	861	1	0.0	1552
lcl|SRR2407533|NODE_52_length_12474_cov_25.5754_ID_16079_pilon	blaTEM-116_4_GU188444	99.19	861	7	0	3399	4259	861	1	0.0	1552
lcl|SRR2407533|NODE_52_length_12474_cov_25.5754_ID_16079_pilon	blaTEM-110_1_AY072920	99.19	861	7	0	3399	4259	861	1	0.0	1552
lcl|SRR2407533|NODE_52_length_12474_cov_25.5754_ID_16079_pilon	blaTEM-71_1_AF203816	99.19	861	7	0	3399	4259	861	1	0.0	1552
lcl|SRR2407533|NODE_52_length_12474_cov_25.5754_ID_16079_pilon	blaTEM-68_1_AJ239002	99.19	861	7	0	3399	4259	861	1	0.0	1552
lcl|SRR2407533|NODE_52_length_12474_cov_25.5754_ID_16079_pilon	blaTEM-53_1_AF104441	99.19	861	7	0	3399	4259	861	1	0.0	1552
lcl|SRR2407533|NODE_52_length_12474_cov_25.5754_ID_16079_pilon	blaTEM-45_1_X95401	99.19	861	7	0	3399	4259	861	1	0.0	1552
lcl|SRR2407533|NODE_52_length_12474_cov_25.5754_ID_16079_pilon	blaTEM-11_1_AY874537	99.19	861	7	0	3399	4259	861	1	0.0	1552
lcl|SRR2407533|NODE_52_length_12474_cov_25.5754_ID_16079_pilon	blaTEM-2_3_AJ251946	99.19	861	7	0	3399	4259	861	1	0.0	1552
lcl|SRR2407533|NODE_52_length_12474_cov_25.5754_ID_16079_pilon	blaTEM-108_1_AF506748	99.41	853	5	0	3399	4251	861	9	0.0	1548
lcl|SRR2407533|NODE_52_length_12474_cov_25.5754_ID_16079_pilon	blaTEM-190_1_JN416112	99.07	861	8	0	3399	4259	861	1	0.0	1546
lcl|SRR2407533|NODE_52_length_12474_cov_25.5754_ID_16079_pilon	blaTEM-188_1_JN211012	99.07	861	8	0	3399	4259	861	1	0.0	1546
lcl|SRR2407533|NODE_52_length_12474_cov_25.5754_ID_16079_pilon	blaTEM-139_1_DQ072853	99.07	861	8	0	3399	4259	861	1	0.0	1546
lcl|SRR2407533|NODE_52_length_12474_cov_25.5754_ID_16079_pilon	blaTEM-138_1_AY853593	99.07	861	8	0	3399	4259	861	1	0.0	1546
lcl|SRR2407533|NODE_52_length_12474_cov_25.5754_ID_16079_pilon	blaTEM-137_1_AM286274	99.07	861	8	0	3399	4259	861	1	0.0	1546
lcl|SRR2407533|NODE_52_length_12474_cov_25.5754_ID_16079_pilon	blaTEM-111_1_AF468003	99.07	861	8	0	3399	4259	861	1	0.0	1546
lcl|SRR2407533|NODE_52_length_12474_cov_25.5754_ID_16079_pilon	blaTEM-83_1_AF427129	99.07	861	8	0	3399	4259	861	1	0.0	1546
lcl|SRR2407533|NODE_52_length_12474_cov_25.5754_ID_16079_pilon	blaTEM-78_1_AF190693	99.07	861	8	0	3399	4259	861	1	0.0	1546
lcl|SRR2407533|NODE_52_length_12474_cov_25.5754_ID_16079_pilon	blaTEM-67_1_AF091113	99.07	861	8	0	3399	4259	861	1	0.0	1546
lcl|SRR2407533|NODE_52_length_12474_cov_25.5754_ID_16079_pilon	blaTEM-17_1_Y14574	99.07	861	8	0	3399	4259	861	1	0.0	1546
lcl|SRR2407533|NODE_52_length_12474_cov_25.5754_ID_16079_pilon	blaTEM-16_1_X65254	99.07	861	8	0	3399	4259	861	1	0.0	1546
lcl|SRR2407533|NODE_52_length_12474_cov_25.5754_ID_16079_pilon	blaTEM-3_1_X64523	99.07	861	8	0	3399	4259	861	1	0.0	1546
lcl|SRR2407533|NODE_52_length_12474_cov_25.5754_ID_16079_pilon	blaTEM-124_1_AY327540	99.07	861	5	1	3399	4259	858	1	0.0	1543
lcl|SRR2407533|NODE_52_length_12474_cov_25.5754_ID_16079_pilon	blaTEM-184_1_FR848831	98.95	861	9	0	3399	4259	861	1	0.0	1541
lcl|SRR2407533|NODE_52_length_12474_cov_25.5754_ID_16079_pilon	blaTEM-152_1_DQ834728	98.95	861	9	0	3399	4259	861	1	0.0	1541
lcl|SRR2407533|NODE_52_length_12474_cov_25.5754_ID_16079_pilon	blaTEM-151_1_DQ834729	98.95	861	9	0	3399	4259	861	1	0.0	1541
lcl|SRR2407533|NODE_52_length_12474_cov_25.5754_ID_16079_pilon	blaTEM-149_1_DQ369751	98.95	861	9	0	3399	4259	861	1	0.0	1541
lcl|SRR2407533|NODE_52_length_12474_cov_25.5754_ID_16079_pilon	blaTEM-142_1_DQ388882	98.95	861	9	0	3399	4259	861	1	0.0	1541
lcl|SRR2407533|NODE_52_length_12474_cov_25.5754_ID_16079_pilon	blaTEM-134_1_AY574271	98.95	861	9	0	3399	4259	861	1	0.0	1541
lcl|SRR2407533|NODE_52_length_12474_cov_25.5754_ID_16079_pilon	blaTEM-130_1_AJ866988	98.95	861	9	0	3399	4259	861	1	0.0	1541
lcl|SRR2407533|NODE_52_length_12474_cov_25.5754_ID_16079_pilon	blaTEM-114_1_AY589495	98.95	861	9	0	3399	4259	861	1	0.0	1541
lcl|SRR2407533|NODE_52_length_12474_cov_25.5754_ID_16079_pilon	blaTEM-92_1_AF143804	98.95	861	9	0	3399	4259	861	1	0.0	1541
lcl|SRR2407533|NODE_52_length_12474_cov_25.5754_ID_16079_pilon	blaTEM-85_1_AJ277414	98.95	861	9	0	3399	4259	861	1	0.0	1541
lcl|SRR2407533|NODE_52_length_12474_cov_25.5754_ID_16079_pilon	blaTEM-72_1_AF157553	98.95	861	9	0	3399	4259	861	1	0.0	1541
lcl|SRR2407533|NODE_52_length_12474_cov_25.5754_ID_16079_pilon	blaTEM-63_1_AF332513	98.95	861	9	0	3399	4259	861	1	0.0	1541
lcl|SRR2407533|NODE_52_length_12474_cov_25.5754_ID_16079_pilon	blaTEM-48_1_Y10280	98.95	861	9	0	3399	4259	861	1	0.0	1541
lcl|SRR2407533|NODE_52_length_12474_cov_25.5754_ID_16079_pilon	blaTEM-24_1_GQ293500	98.95	861	9	0	3399	4259	861	1	0.0	1541
lcl|SRR2407533|NODE_52_length_12474_cov_25.5754_ID_16079_pilon	blaTEM-8_1_X65252	98.95	861	9	0	3399	4259	861	1	0.0	1541
lcl|SRR2407533|NODE_52_length_12474_cov_25.5754_ID_16079_pilon	blaTEM-131_1_AY436361	98.84	861	10	0	3399	4259	861	1	0.0	1537
lcl|SRR2407533|NODE_52_length_12474_cov_25.5754_ID_16079_pilon	blaTEM-167_1_FJ360884	98.84	861	10	0	3399	4259	861	1	0.0	1535
lcl|SRR2407533|NODE_52_length_12474_cov_25.5754_ID_16079_pilon	blaTEM-121_1_AY307374	98.84	861	10	0	3399	4259	861	1	0.0	1535
lcl|SRR2407533|NODE_52_length_12474_cov_25.5754_ID_16079_pilon	blaTEM-113_1_AY589494	98.84	861	10	0	3399	4259	861	1	0.0	1535
lcl|SRR2407533|NODE_52_length_12474_cov_25.5754_ID_16079_pilon	blaTEM-102_1_AY040093	98.84	861	10	0	3399	4259	861	1	0.0	1535
lcl|SRR2407533|NODE_52_length_12474_cov_25.5754_ID_16079_pilon	blaTEM-101_1_AF495873	98.84	861	10	0	3399	4259	861	1	0.0	1535
lcl|SRR2407533|NODE_52_length_12474_cov_25.5754_ID_16079_pilon	blaTEM-94_1_AJ318094	98.84	861	10	0	3399	4259	861	1	0.0	1535
lcl|SRR2407533|NODE_52_length_12474_cov_25.5754_ID_16079_pilon	blaTEM-87_1_AF250872	98.84	861	10	0	3399	4259	861	1	0.0	1535
lcl|SRR2407533|NODE_52_length_12474_cov_25.5754_ID_16079_pilon	blaTEM-86_1_AJ277415	98.84	861	10	0	3399	4259	861	1	0.0	1535
lcl|SRR2407533|NODE_52_length_12474_cov_25.5754_ID_16079_pilon	blaTEM-49_1_Y10281	98.84	861	10	0	3399	4259	861	1	0.0	1535
lcl|SRR2407533|NODE_52_length_12474_cov_25.5754_ID_16079_pilon	blaTEM-22_1_Y17583	98.95	858	9	0	3402	4259	858	1	0.0	1535
lcl|SRR2407533|NODE_52_length_12474_cov_25.5754_ID_16079_pilon	blaTEM-21_1_Y17582	98.95	858	9	0	3402	4259	858	1	0.0	1535
lcl|SRR2407533|NODE_52_length_12474_cov_25.5754_ID_16079_pilon	blaTEM-187_1_HM246246	98.95	857	9	0	3403	4259	857	1	0.0	1533
lcl|SRR2407533|NODE_52_length_12474_cov_25.5754_ID_16079_pilon	blaTEM-211_1_KF513179	98.72	861	11	0	3399	4259	861	1	0.0	1530
lcl|SRR2407533|NODE_52_length_12474_cov_25.5754_ID_16079_pilon	blaTEM-205_1_KC900516	98.83	858	10	0	3402	4259	858	1	0.0	1530
lcl|SRR2407533|NODE_52_length_12474_cov_25.5754_ID_16079_pilon	blaTEM-177_1_FN652295	98.72	861	11	0	3399	4259	861	1	0.0	1530
lcl|SRR2407533|NODE_52_length_12474_cov_25.5754_ID_16079_pilon	blaTEM-162_1_EF468463	98.72	861	11	0	3399	4259	861	1	0.0	1530
lcl|SRR2407533|NODE_52_length_12474_cov_25.5754_ID_16079_pilon	blaTEM-199_1_JX050178	98.94	853	9	0	3399	4251	853	1	0.0	1526
lcl|SRR2407533|NODE_52_length_12474_cov_25.5754_ID_16079_pilon	blaTEM-125_1_AY628176	98.61	861	12	0	3399	4259	861	1	0.0	1524
lcl|SRR2407533|NODE_52_length_12474_cov_25.5754_ID_16079_pilon	blaTEM-123_1_AY327539	98.61	861	9	1	3399	4259	858	1	0.0	1520
lcl|SRR2407533|NODE_52_length_12474_cov_25.5754_ID_16079_pilon	cml_1_M22614	96.56	929	5	21	8998	9919	909	1	0.0	1513
lcl|SRR2407533|NODE_52_length_12474_cov_25.5754_ID_16079_pilon	blaTEM-195_1_JN935137	98.37	861	14	0	3399	4259	861	1	0.0	1513
lcl|SRR2407533|NODE_52_length_12474_cov_25.5754_ID_16079_pilon	blaTEM-60_1_AF047171	98.26	861	15	0	3399	4259	861	1	0.0	1507
lcl|SRR2407533|NODE_52_length_12474_cov_25.5754_ID_16079_pilon	blaTEM-193_1_JN935135	97.80	862	17	2	3399	4259	861	1	0.0	1485
lcl|SRR2407533|NODE_52_length_12474_cov_25.5754_ID_16079_pilon	blaTEM-194_1_JN935136	97.33	861	23	0	3399	4259	861	1	0.0	1463
lcl|SRR2407533|NODE_52_length_12474_cov_25.5754_ID_16079_pilon	blaTEM-178_1_X97254	97.33	862	18	3	3399	4259	858	1	0.0	1459
lcl|SRR2407533|NODE_52_length_12474_cov_25.5754_ID_16079_pilon	aadB_1_JN119852	100.00	534	0	0	11292	11825	534	1	0.0	987
lcl|SRR2407533|NODE_52_length_12474_cov_25.5754_ID_16079_pilon	sul1_3_EU855787	100.00	425	0	0	8202	8626	425	1	0.0	785
lcl|SRR2407533|NODE_52_length_12474_cov_25.5754_ID_16079_pilon	sul1_2_CP002151	100.00	425	0	0	8202	8626	425	1	0.0	785
lcl|SRR2407533|NODE_52_length_12474_cov_25.5754_ID_16079_pilon	sul1_5_EU780013	100.00	365	0	0	8202	8566	365	1	0.0	675
lcl|SRR2407533|NODE_52_length_12474_cov_25.5754_ID_16079_pilon	sul1_33_AJ564903	100.00	338	0	0	8202	8539	338	1	1e-178	625
lcl|SRR2407533|NODE_52_length_12474_cov_25.5754_ID_16079_pilon	sul1_26_AY524415	100.00	338	0	0	8202	8539	338	1	1e-178	625
lcl|SRR2407533|NODE_52_length_12474_cov_25.5754_ID_16079_pilon	sul1_25_AY878717	100.00	338	0	0	8202	8539	338	1	1e-178	625
lcl|SRR2407533|NODE_52_length_12474_cov_25.5754_ID_16079_pilon	sul1_22_AY115475	100.00	338	0	0	8202	8539	338	1	1e-178	625
lcl|SRR2407533|NODE_52_length_12474_cov_25.5754_ID_16079_pilon	sul1_21_AJ971344	100.00	338	0	0	8202	8539	338	1	1e-178	625
lcl|SRR2407533|NODE_52_length_12474_cov_25.5754_ID_16079_pilon	sul1_19_DQ125241	100.00	338	0	0	8202	8539	338	1	1e-178	625
lcl|SRR2407533|NODE_52_length_12474_cov_25.5754_ID_16079_pilon	sul1_18_AY260546	100.00	338	0	0	8202	8539	338	1	1e-178	625
lcl|SRR2407533|NODE_52_length_12474_cov_25.5754_ID_16079_pilon	sul1_17_AM746675	100.00	338	0	0	8202	8539	338	1	1e-178	625
lcl|SRR2407533|NODE_52_length_12474_cov_25.5754_ID_16079_pilon	sul1_11_DQ914960	100.00	338	0	0	8202	8539	338	1	1e-178	625
lcl|SRR2407533|NODE_52_length_12474_cov_25.5754_ID_16079_pilon	sul1_1_AY224185	100.00	338	0	0	8202	8539	338	1	1e-178	625
lcl|SRR2407533|NODE_52_length_12474_cov_25.5754_ID_16079_pilon	sul3_6_AB281183	100.00	336	0	0	8202	8537	350	15	2e-177	621
lcl|SRR2407533|NODE_52_length_12474_cov_25.5754_ID_16079_pilon	sul1_9_AY963803	100.00	336	0	0	8202	8537	350	15	2e-177	621
lcl|SRR2407533|NODE_52_length_12474_cov_25.5754_ID_16079_pilon	sul1_31_AM040449	99.70	338	1	0	8202	8539	338	1	6e-177	619
lcl|SRR2407533|NODE_52_length_12474_cov_25.5754_ID_16079_pilon	sul1_30_JF262178	99.70	338	1	0	8202	8539	338	1	6e-177	619
lcl|SRR2407533|NODE_52_length_12474_cov_25.5754_ID_16079_pilon	sul1_29_AJ746361	99.70	338	1	0	8202	8539	338	1	6e-177	619
lcl|SRR2407533|NODE_52_length_12474_cov_25.5754_ID_16079_pilon	sul1_28_JN790946	99.70	338	1	0	8202	8539	338	1	6e-177	619
lcl|SRR2407533|NODE_52_length_12474_cov_25.5754_ID_16079_pilon	sul1_27_GU562437	99.70	338	1	0	8202	8539	338	1	6e-177	619
lcl|SRR2407533|NODE_52_length_12474_cov_25.5754_ID_16079_pilon	sul1_24_EU117158	99.70	338	1	0	8202	8539	338	1	6e-177	619
lcl|SRR2407533|NODE_52_length_12474_cov_25.5754_ID_16079_pilon	sul1_20_JF262165	99.70	338	1	0	8202	8539	338	1	6e-177	619
lcl|SRR2407533|NODE_52_length_12474_cov_25.5754_ID_16079_pilon	sul1_15_EF667294	99.70	338	1	0	8202	8539	338	1	6e-177	619
lcl|SRR2407533|NODE_52_length_12474_cov_25.5754_ID_16079_pilon	sul1_8_JN581942	100.00	335	0	0	8202	8536	335	1	6e-177	619
lcl|SRR2407533|NODE_52_length_12474_cov_25.5754_ID_16079_pilon	sul3_3_AY047357	99.70	336	1	0	8202	8537	350	15	8e-176	616
lcl|SRR2407533|NODE_52_length_12474_cov_25.5754_ID_16079_pilon	sul1_32_EF592571	99.41	338	2	0	8202	8539	338	1	3e-175	614
lcl|SRR2407533|NODE_52_length_12474_cov_25.5754_ID_16079_pilon	sul1_23_AJ621187	99.41	338	2	0	8202	8539	338	1	3e-175	614
lcl|SRR2407533|NODE_52_length_12474_cov_25.5754_ID_16079_pilon	sul1_7_FJ715937	99.41	338	2	0	8202	8539	338	1	3e-175	614
lcl|SRR2407533|NODE_52_length_12474_cov_25.5754_ID_16079_pilon	sul1_10_DQ143913	100.00	329	0	0	8202	8530	329	1	1e-173	608
lcl|SRR2407533|NODE_52_length_12474_cov_25.5754_ID_16079_pilon	sul1_14_AJ517791	97.93	338	7	0	8202	8539	338	1	6e-167	586
lcl|SRR2407533|NODE_52_length_12474_cov_25.5754_ID_16079_pilon	aadA1_1_X02340	95.40	174	1	3	11832	11998	174	1	7e-72	270
lcl|SRR2407533|NODE_52_length_12474_cov_25.5754_ID_16079_pilon	aac(3)-Ib_1_L06157	98.31	59	1	0	11830	11888	59	1	8e-22	104
lcl|SRR2407533|NODE_52_length_12474_cov_25.5754_ID_16079_pilon	ARR-3_4_FM207631	98.25	57	1	0	11832	11888	57	1	1e-20	100
lcl|SRR2407533|NODE_52_length_12474_cov_25.5754_ID_16079_pilon	aac(3)-Ia_1_X15852	94.92	59	3	0	11830	11888	59	1	2e-18	93.5
lcl|SRR2407533|NODE_52_length_12474_cov_25.5754_ID_16079_pilon	aadA11_1_AY144590	97.73	44	1	0	10546	10589	846	803	2e-13	76.8
lcl|SRR2407533|NODE_52_length_12474_cov_25.5754_ID_16079_pilon	aadA6_1_AF140629	95.45	44	2	0	11252	11295	846	803	8e-12	71.3
